rank,alpha,trainable_params,train_time_min,peak_vram_gb,eval_loss,eval_perplexity
8,16,1843200,14.255101879437765,3.149610496,1.076899528503418,2.935563794924341
16,32,3686400,14.927322741349538,2.550828544,1.0698691606521606,2.9149980785775234
64,128,14745600,14.382205716768901,3.928006144,1.066988468170166,2.906612948816256
